{"sane": true, "normalizes": true, "range": true, "log_prob": -909.2917839596048, "avg_log_prob": -1.8185835679192095, "perplexity": 6.163122619892509}